{"cameraMode":{"drawMode":0,"name":"Shaded","section":"Shading Mode"},"sceneLighting":true,"audioPlay":false,"sceneViewState":{"m_AlwaysRefresh":false,"showFog":true,"showSkybox":true,"showFlares":true,"showImageEffects":true,"showParticleSystems":true,"showVisualEffectGraphs":true,"m_FxEnabled":true},"in2DMode":false,"pivot":{"x":378.91845703125,"y":190.37730407714845,"z":-240.8616180419922},"rotation":{"x":0.059669796377420428,"y":0.05387139320373535,"z":0.0010917044710367919,"w":0.9988695383071899},"size":16.75380516052246,"orthographic":false}