{"cameraMode":{"drawMode":0,"name":"Shaded","section":"Shading Mode"},"sceneLighting":true,"audioPlay":false,"sceneViewState":{"m_AlwaysRefresh":false,"showFog":true,"showSkybox":true,"showFlares":true,"showImageEffects":true,"showParticleSystems":true,"showVisualEffectGraphs":true,"m_FxEnabled":true},"in2DMode":false,"pivot":{"x":248.77822875976563,"y":-14.717626571655274,"z":81.86260986328125},"rotation":{"x":-0.4769851267337799,"y":-0.015886984765529634,"z":0.007573479320853949,"w":-0.8809629082679749},"size":16.75380516052246,"orthographic":false}