{"cameraMode":{"drawMode":0,"name":"Shaded","section":"Shading Mode"},"sceneLighting":true,"audioPlay":false,"sceneViewState":{"m_AlwaysRefresh":false,"showFog":true,"showSkybox":true,"showFlares":true,"showImageEffects":true,"showParticleSystems":true,"showVisualEffectGraphs":true,"m_FxEnabled":true},"in2DMode":false,"pivot":{"x":421.7987060546875,"y":206.45977783203126,"z":-277.3119812011719},"rotation":{"x":0.002916560275480151,"y":-0.029220430180430414,"z":0.004364959429949522,"w":1.0016571283340455},"size":16.75380516052246,"orthographic":false}