{"cameraMode":{"drawMode":0,"name":"Shaded","section":"Shading Mode"},"sceneLighting":true,"audioPlay":false,"sceneViewState":{"m_AlwaysRefresh":false,"showFog":true,"showSkybox":true,"showFlares":true,"showImageEffects":true,"showParticleSystems":true,"showVisualEffectGraphs":true,"m_FxEnabled":true},"in2DMode":false,"pivot":{"x":416.27618408203127,"y":231.40419006347657,"z":-89.05892944335938},"rotation":{"x":-0.166921004652977,"y":0.023056168109178544,"z":-0.003440532833337784,"w":-0.9876144528388977},"size":14.800823211669922,"orthographic":false}